{
  "probe_type": "max",
  "tasks": [
    "big_math_5k_train"
  ],
  "timestamp": "20251205_182859",
  "initial_lr": 0.0001,
  "best_val_loss": 0.5872858081545148,
  "best_val_acc": 0.69375,
  "best_val_auroc": 0.685611072606221,
  "epochs": 35,
  "train_losses": [
    0.6518411707878112,
    0.6186290216445923,
    0.6058541893959045,
    0.5982887625694275,
    0.5926014423370362,
    0.5879378533363342,
    0.5838331151008606,
    0.5807349348068237,
    0.5766146516799927,
    0.5735700082778931,
    0.5706994032859802,
    0.5688629841804504,
    0.5649422693252564,
    0.5626834845542907,
    0.5616926026344299,
    0.5595231056213379,
    0.5568729281425476,
    0.5546236395835876,
    0.552749730348587,
    0.5510030388832092,
    0.5502109527587891,
    0.5479357504844665,
    0.5467375540733337,
    0.545968918800354,
    0.5431074845790863,
    0.541891039609909,
    0.54228888630867,
    0.5386645209789276,
    0.5374904811382294,
    0.536723016500473,
    0.5341484427452088,
    0.533211566209793,
    0.5315968632698059,
    0.5308156490325928,
    0.5290485215187073
  ],
  "val_losses": [
    0.6285474555832999,
    0.6186572739056179,
    0.6130091973713466,
    0.6076778769493103,
    0.6038936121123177,
    0.601294389792851,
    0.5994830472128732,
    0.6003759673663548,
    0.5967413527624947,
    0.5968387722969055,
    0.5930098380361285,
    0.5939831904002598,
    0.5912467667034694,
    0.5905171377318246,
    0.5899353538240705,
    0.5894997886248997,
    0.589677265712193,
    0.58844541651862,
    0.5883648310388837,
    0.5891272936548505,
    0.5912297708647591,
    0.5879893047469003,
    0.5906144636017936,
    0.5876218676567078,
    0.587810822895595,
    0.5882736189024789,
    0.5872858081545148,
    0.5888163447380066,
    0.5876476424080985,
    0.5875446285520282,
    0.5893286126000541,
    0.5878524354525975,
    0.5918626955577305,
    0.5874901754515511,
    0.5882335220064435
  ],
  "val_accuracies": [
    0.66625,
    0.665,
    0.6625,
    0.66125,
    0.66875,
    0.67,
    0.67625,
    0.6875,
    0.68625,
    0.6775,
    0.68125,
    0.68625,
    0.68375,
    0.6925,
    0.685,
    0.6925,
    0.68375,
    0.69125,
    0.69,
    0.69125,
    0.69875,
    0.6925,
    0.6825,
    0.69375,
    0.69375,
    0.695,
    0.69375,
    0.6925,
    0.69625,
    0.69375,
    0.6975,
    0.69875,
    0.68,
    0.70125,
    0.69125
  ],
  "val_aurocs": [
    0.5918971709407095,
    0.6234361763944021,
    0.6387891262190298,
    0.6537150218077696,
    0.6605548904710898,
    0.6640763376948873,
    0.6672337386848131,
    0.6723933939610331,
    0.6737305637816002,
    0.6770734883330183,
    0.6784771666001583,
    0.680024363094113,
    0.6805564306666947,
    0.6811655080195185,
    0.6829227311868609,
    0.6824186671707307,
    0.6835388094287975,
    0.6848899810275906,
    0.6844139205679121,
    0.684084878779605,
    0.6846869552433159,
    0.6845189339046058,
    0.6858210992796084,
    0.6849529890296068,
    0.6849389872513809,
    0.685436050378398,
    0.685611072606221,
    0.6862131490699319,
    0.6856250743844469,
    0.6862971597392868,
    0.6857510903884794,
    0.6864161748542065,
    0.6866752077513845,
    0.6859261126163023,
    0.6868082246445298
  ],
  "learning_rates": [
    0.0001,
    0.0001,
    0.0001,
    0.0001,
    0.0001,
    0.0001,
    0.0001,
    0.0001,
    0.0001,
    0.0001,
    0.0001,
    0.0001,
    0.0001,
    0.0001,
    0.0001,
    0.0001,
    0.0001,
    0.0001,
    0.0001,
    0.0001,
    0.0001,
    0.0001,
    0.0001,
    0.0001,
    0.0001,
    0.0001,
    0.0001,
    0.0001,
    0.0001,
    0.0001,
    0.0001,
    0.0001,
    0.0001,
    5e-05,
    5e-05
  ]
}