{
  "probe_type": "hs_last_mlp",
  "tasks": [
    "big_math_5k_train"
  ],
  "timestamp": "20251205_182141",
  "initial_lr": 0.0001,
  "best_val_loss": 0.6572291084698269,
  "best_val_acc": 0.6175,
  "best_val_auroc": 0.6523143320588576,
  "epochs": 16,
  "train_losses": [
    0.7264826560020446,
    0.6808540153503418,
    0.6621353459358216,
    0.6504689478874206,
    0.6420536637306213,
    0.6346453166007996,
    0.628994574546814,
    0.6241659116744995,
    0.6197117304801941,
    0.6139695405960083,
    0.6099699687957764,
    0.6067774724960328,
    0.6018657851219177,
    0.5989535164833069,
    0.594381685256958,
    0.592275800704956
  ],
  "val_losses": [
    0.6779084035328456,
    0.6713153038706098,
    0.6647756269999913,
    0.6624835218702044,
    0.6589154345648629,
    0.6610138245991298,
    0.6602328845432827,
    0.6572291084698269,
    0.6639492086001805,
    0.6599289604595729,
    0.6593100598880223,
    0.6574983171054295,
    0.6579929419926235,
    0.664223143032619,
    0.6592185412134443,
    0.6595837303570339
  ],
  "val_accuracies": [
    0.57875,
    0.58625,
    0.6125,
    0.605,
    0.605,
    0.60375,
    0.60375,
    0.6175,
    0.60875,
    0.6125,
    0.61625,
    0.61125,
    0.62,
    0.6075,
    0.62,
    0.61625
  ],
  "val_aurocs": [
    0.6079756111690418,
    0.6136383385470976,
    0.6305758313057583,
    0.6336968485691113,
    0.6431323137527518,
    0.6377157919128721,
    0.6390988877302746,
    0.6523143320588576,
    0.6308075541652184,
    0.6420461128490326,
    0.6422561116904182,
    0.6512208898157803,
    0.6461881589618815,
    0.6334796083883676,
    0.6447760977870467,
    0.6443778241223497
  ],
  "learning_rates": [
    0.0001,
    0.0001,
    0.0001,
    0.0001,
    0.0001,
    0.0001,
    0.0001,
    0.0001,
    0.0001,
    0.0001,
    0.0001,
    0.0001,
    0.0001,
    0.0001,
    5e-05,
    5e-05
  ]
}