{
  "probe_type": "mean",
  "tasks": [
    "big_math_5k_train"
  ],
  "timestamp": "20251205_182552",
  "initial_lr": 0.0001,
  "best_val_loss": 0.5766626681600299,
  "best_val_acc": 0.70125,
  "best_val_auroc": 0.703694871507126,
  "epochs": 50,
  "train_losses": [
    0.6526776957511902,
    0.6226374363899231,
    0.6152448797225952,
    0.6115947914123535,
    0.6085624122619628,
    0.6057918906211853,
    0.6035883665084839,
    0.6014914107322693,
    0.599569764137268,
    0.5978629899024963,
    0.5960199165344239,
    0.5944108128547668,
    0.5929045033454895,
    0.5915947937965393,
    0.5900907993316651,
    0.5887776851654053,
    0.5874491453170776,
    0.5863499760627746,
    0.585137894153595,
    0.5840827465057373,
    0.583041889667511,
    0.5820393562316895,
    0.5810146164894104,
    0.5801119899749756,
    0.5792087149620057,
    0.5782594966888428,
    0.5775313246250152,
    0.5766648602485657,
    0.576085387468338,
    0.5753924775123597,
    0.5743601965904236,
    0.5736148691177368,
    0.5730038857460023,
    0.5722465372085571,
    0.5716033387184143,
    0.5709079742431641,
    0.5704143643379211,
    0.5696622180938721,
    0.5691883981227874,
    0.5683986425399781,
    0.5678120803833008,
    0.5673118209838868,
    0.5666771936416626,
    0.5661845970153808,
    0.5655900025367737,
    0.565020067691803,
    0.5646889746189118,
    0.5640280032157898,
    0.563472546339035,
    0.5629149293899536
  ],
  "val_losses": [
    0.6363428831100464,
    0.6249370660100665,
    0.620732307434082,
    0.6164239985602242,
    0.613334093775068,
    0.6108391625540597,
    0.6082371984209333,
    0.6062518358230591,
    0.6042058638163975,
    0.6024589964321682,
    0.6007250377110073,
    0.5992641874722072,
    0.5981756278446743,
    0.5964069025857108,
    0.5955203175544739,
    0.5941066571644374,
    0.5930237174034119,
    0.5920663561139788,
    0.591291069984436,
    0.5902420622961861,
    0.5892527954918998,
    0.5884766238076347,
    0.5880349448748997,
    0.587132181440081,
    0.5864471878324237,
    0.585552419934954,
    0.5848966411181858,
    0.5846601724624634,
    0.5841583609580994,
    0.5833282811301095,
    0.5828395911625454,
    0.5823380691664559,
    0.582083889416286,
    0.5814973371369498,
    0.5810446909495762,
    0.5806726472718375,
    0.5808952110154288,
    0.5797833800315857,
    0.5797039696148464,
    0.5792786138398307,
    0.5791258811950684,
    0.5787926486560276,
    0.5783738493919373,
    0.5777877228600639,
    0.5778019683701652,
    0.5774254202842712,
    0.5772486329078674,
    0.5768895660127912,
    0.5769166094916207,
    0.5766626681600299
  ],
  "val_accuracies": [
    0.665,
    0.665,
    0.665,
    0.665,
    0.665,
    0.665,
    0.665,
    0.665,
    0.66625,
    0.66875,
    0.66875,
    0.66625,
    0.6675,
    0.675,
    0.67375,
    0.68375,
    0.68375,
    0.68375,
    0.68375,
    0.68625,
    0.69125,
    0.695,
    0.69125,
    0.69375,
    0.69625,
    0.69875,
    0.69625,
    0.6975,
    0.6975,
    0.69875,
    0.6975,
    0.69625,
    0.6975,
    0.69875,
    0.6975,
    0.6975,
    0.69625,
    0.69625,
    0.6975,
    0.69625,
    0.6975,
    0.69625,
    0.7,
    0.7,
    0.69875,
    0.7,
    0.7025,
    0.70125,
    0.6975,
    0.70125
  ],
  "val_aurocs": [
    0.6143179777802715,
    0.6425345079115701,
    0.6542966558186512,
    0.6605249130288406,
    0.6640318146111547,
    0.6673002468858714,
    0.6702740994276737,
    0.6737248905846707,
    0.6757097968802603,
    0.6792447536752328,
    0.6810122320727192,
    0.6834600493771743,
    0.6853397486252946,
    0.6866022331949276,
    0.6887835259791268,
    0.6896181685557177,
    0.691063012007631,
    0.6921361238918191,
    0.6933004152171472,
    0.6938965884861407,
    0.6955658736393222,
    0.695853439569072,
    0.6972071035798452,
    0.6975998765570642,
    0.6984415329368197,
    0.6987290988665694,
    0.6986659746380878,
    0.6995637414431601,
    0.6999565144203793,
    0.7001529009089889,
    0.7006368533273482,
    0.7006719223431714,
    0.7011418471552014,
    0.7015977443609023,
    0.7018362136684996,
    0.7022850970710358,
    0.70248849736281,
    0.70248849736281,
    0.7028672427336999,
    0.7028742565368645,
    0.7029794635843339,
    0.7031898776792728,
    0.7032600157109192,
    0.7031618224666142,
    0.7033441813488948,
    0.7034353607900348,
    0.7035896644596566,
    0.7036107058691505,
    0.7036878577039614,
    0.703694871507126
  ],
  "learning_rates": [
    0.0001,
    0.0001,
    0.0001,
    0.0001,
    0.0001,
    0.0001,
    0.0001,
    0.0001,
    0.0001,
    0.0001,
    0.0001,
    0.0001,
    0.0001,
    0.0001,
    0.0001,
    0.0001,
    0.0001,
    0.0001,
    0.0001,
    0.0001,
    0.0001,
    0.0001,
    0.0001,
    0.0001,
    0.0001,
    0.0001,
    0.0001,
    0.0001,
    0.0001,
    0.0001,
    0.0001,
    0.0001,
    0.0001,
    0.0001,
    0.0001,
    0.0001,
    0.0001,
    0.0001,
    0.0001,
    0.0001,
    0.0001,
    0.0001,
    0.0001,
    0.0001,
    0.0001,
    0.0001,
    0.0001,
    0.0001,
    0.0001,
    0.0001
  ]
}