{
  "probe_type": "coe_dual_mlp",
  "tasks": [
    "big_math_5k_train"
  ],
  "timestamp": "20251205_183225",
  "initial_lr": 0.0001,
  "best_val_loss": 0.6572591066360474,
  "best_val_acc": 0.63,
  "best_val_auroc": 0.647224320921029,
  "epochs": 50,
  "train_losses": [
    0.7235193610191345,
    0.7145705699920655,
    0.7079396748542786,
    0.7035107493400574,
    0.7001645565032959,
    0.6977836775779724,
    0.6956340408325196,
    0.6937842869758606,
    0.6920874571800232,
    0.6905880331993103,
    0.6891040992736817,
    0.6878019595146179,
    0.6865005469322205,
    0.6853005599975586,
    0.6841351103782654,
    0.6831155443191528,
    0.6820466160774231,
    0.6810658478736877,
    0.6801281666755676,
    0.6792336392402649,
    0.6783934140205383,
    0.6775440645217895,
    0.6767753553390503,
    0.6760674929618835,
    0.6753374409675598,
    0.6746201086044311,
    0.6739435911178588,
    0.6732796120643616,
    0.6726393103599548,
    0.6720747399330139,
    0.6714552664756774,
    0.670878574848175,
    0.6703416633605958,
    0.6697589063644409,
    0.6692667078971862,
    0.6687062788009643,
    0.6682219934463501,
    0.6677111291885376,
    0.66726149559021,
    0.6667602777481079,
    0.6663001608848572,
    0.6658125042915344,
    0.6653421664237976,
    0.6649804830551147,
    0.6644854116439819,
    0.6640343594551087,
    0.6635866141319275,
    0.6631545877456665,
    0.662804684638977,
    0.6623513603210449
  ],
  "val_losses": [
    0.6915915608406067,
    0.6879372085843768,
    0.6857658113752093,
    0.6843494687761579,
    0.6834354400634766,
    0.6827955671719143,
    0.6819194555282593,
    0.6810083133833749,
    0.6801850199699402,
    0.6793349300112043,
    0.6785013675689697,
    0.6777108141354152,
    0.6769169994762966,
    0.6761369790349688,
    0.6753315925598145,
    0.6743910993848529,
    0.6739324842180524,
    0.6731208733149937,
    0.6725812043462481,
    0.6717863764081683,
    0.6710200480052403,
    0.6703362464904785,
    0.6697001201765878,
    0.6693065932818821,
    0.6683767437934875,
    0.6678148593221392,
    0.6675618631499154,
    0.6670262472970145,
    0.6665127107075283,
    0.6656167251723153,
    0.6654519438743591,
    0.6648628030504499,
    0.664311238697597,
    0.664111043725695,
    0.6635330489703587,
    0.6631194693701608,
    0.6627251846449715,
    0.6619455984660557,
    0.6615097096988133,
    0.6614245176315308,
    0.6608855298587254,
    0.6605535660471235,
    0.6600467051778521,
    0.6596650225775582,
    0.6595307333128793,
    0.6590954746518817,
    0.6585412536348615,
    0.6579187512397766,
    0.6577870930944171,
    0.6572591066360474
  ],
  "val_accuracies": [
    0.53625,
    0.53625,
    0.54,
    0.5475,
    0.5475,
    0.55375,
    0.55625,
    0.56375,
    0.5675,
    0.5675,
    0.56875,
    0.56625,
    0.5675,
    0.57,
    0.56875,
    0.57375,
    0.57,
    0.5775,
    0.5775,
    0.5775,
    0.57875,
    0.5875,
    0.58875,
    0.59375,
    0.59375,
    0.6,
    0.6025,
    0.60625,
    0.60875,
    0.61125,
    0.61375,
    0.61625,
    0.6175,
    0.6175,
    0.61875,
    0.62125,
    0.6225,
    0.62375,
    0.625,
    0.6225,
    0.625,
    0.62625,
    0.62625,
    0.62875,
    0.63125,
    0.63125,
    0.63,
    0.62875,
    0.63125,
    0.63
  ],
  "val_aurocs": [
    0.6552113689512502,
    0.6540456916711639,
    0.652383522216226,
    0.6505846375247347,
    0.6490160100737543,
    0.6476056844756252,
    0.6472890807699226,
    0.6477352041734125,
    0.6481381543443065,
    0.6487066019068178,
    0.6494333513221802,
    0.6497211728728188,
    0.6503831624392875,
    0.6505558553696709,
    0.6508148947652456,
    0.6510451520057564,
    0.6511890627810758,
    0.6516279906457997,
    0.6512898003237992,
    0.6519445943515021,
    0.6519877675840979,
    0.6520741140492894,
    0.6520669185105236,
    0.6510451520057565,
    0.6519302032739701,
    0.6515128620255443,
    0.6506493973736283,
    0.6505054865983091,
    0.6501744918150747,
    0.6513041914013311,
    0.6499442345745639,
    0.6499874078071597,
    0.6501816873538406,
    0.6491059543083288,
    0.6492390717754992,
    0.6488289260658392,
    0.6484115848174131,
    0.6495844576362655,
    0.6494837200935419,
    0.6480086346465191,
    0.6482029141932002,
    0.6476056844756252,
    0.6479078971037956,
    0.647807159561072,
    0.6464687893506027,
    0.6466630688972838,
    0.6470300413743479,
    0.6479870480302212,
    0.6467350242849433,
    0.647224320921029
  ],
  "learning_rates": [
    0.0001,
    0.0001,
    0.0001,
    0.0001,
    0.0001,
    0.0001,
    0.0001,
    0.0001,
    0.0001,
    0.0001,
    0.0001,
    0.0001,
    0.0001,
    0.0001,
    0.0001,
    0.0001,
    0.0001,
    0.0001,
    0.0001,
    0.0001,
    0.0001,
    0.0001,
    0.0001,
    0.0001,
    0.0001,
    0.0001,
    0.0001,
    0.0001,
    0.0001,
    0.0001,
    0.0001,
    0.0001,
    0.0001,
    0.0001,
    0.0001,
    0.0001,
    0.0001,
    0.0001,
    0.0001,
    0.0001,
    0.0001,
    0.0001,
    0.0001,
    0.0001,
    0.0001,
    0.0001,
    0.0001,
    0.0001,
    0.0001,
    0.0001
  ]
}