{
  "probe_type": "hs_last_mlp",
  "tasks": [
    "big_math_5k_train"
  ],
  "timestamp": "20251205_162122",
  "best_val_loss": 0.6572291084698269,
  "epochs": 16,
  "train_losses": [
    0.7264826560020446,
    0.6808540153503418,
    0.6621353459358216,
    0.6504689478874206,
    0.6420536637306213,
    0.6346453166007996,
    0.628994574546814,
    0.6241659116744995,
    0.6197117304801941,
    0.6139695405960083,
    0.6099699687957764,
    0.6067774724960328,
    0.6018657851219177,
    0.5989535164833069,
    0.594381685256958,
    0.592275800704956
  ],
  "val_losses": [
    0.6779084035328456,
    0.6713153038706098,
    0.6647756269999913,
    0.6624835218702044,
    0.6589154345648629,
    0.6610138245991298,
    0.6602328845432827,
    0.6572291084698269,
    0.6639492086001805,
    0.6599289604595729,
    0.6593100598880223,
    0.6574983171054295,
    0.6579929419926235,
    0.664223143032619,
    0.6592185412134443,
    0.6595837303570339
  ]
}