{
  "probe_type": "coe_dual_mlp",
  "tasks": [
    "mmlu_test"
  ],
  "timestamp": "20251205_215827",
  "initial_lr": 0.0001,
  "best_val_loss": 0.6512486189603806,
  "best_val_acc": 0.62,
  "best_val_auroc": 0.6139217110881674,
  "epochs": 50,
  "train_losses": [
    0.7166507092733232,
    0.7042929662598504,
    0.7002331283357408,
    0.6970349048811292,
    0.6945035400844756,
    0.6918568516534472,
    0.6895322714533124,
    0.6872707075542874,
    0.6850410690383305,
    0.6832146275611151,
    0.681831455419934,
    0.6801886681526427,
    0.6784204395990523,
    0.6774756709734598,
    0.6761738033521743,
    0.67457672149416,
    0.6733067054597158,
    0.6721942046331981,
    0.6712890191683694,
    0.6704255228950864,
    0.6692962514029609,
    0.6682910294759841,
    0.6671002100384424,
    0.6663853895096552,
    0.6655561469850086,
    0.6645371374629793,
    0.6636253964333307,
    0.6627556123430767,
    0.6617264056962634,
    0.6609694730667841,
    0.6604308050776285,
    0.6595632396047078,
    0.6589931211774311,
    0.6582477102203975,
    0.6576608258580404,
    0.6568613014523945,
    0.6559690104590522,
    0.6554854266227238,
    0.6551082295084757,
    0.6543028572249034,
    0.653770837518904,
    0.6530554114826141,
    0.6522521811818319,
    0.6515077976953416,
    0.6511751753943307,
    0.6505362344166589,
    0.6499280920104374,
    0.6494514412350125,
    0.6488802357325478,
    0.6482224341422792
  ],
  "val_losses": [
    0.7053504101932049,
    0.6953036040067673,
    0.690564576536417,
    0.6881797611713409,
    0.6859589740633965,
    0.6841736473143101,
    0.6821188479661942,
    0.6803938895463943,
    0.6788825951516628,
    0.6775345914065838,
    0.6760944686830044,
    0.674848411232233,
    0.6737548373639584,
    0.6727819889783859,
    0.671973742544651,
    0.6707797273993492,
    0.6698479354381561,
    0.6692339591681957,
    0.668256126344204,
    0.6673412024974823,
    0.6665449216961861,
    0.6658966392278671,
    0.6656315326690674,
    0.6647004969418049,
    0.6637969575822353,
    0.6635084971785545,
    0.6624351926147938,
    0.6622618027031422,
    0.6611462719738483,
    0.6608061715960503,
    0.6603032872080803,
    0.6599746569991112,
    0.6593647003173828,
    0.6589135639369488,
    0.6582075692713261,
    0.6576712094247341,
    0.6571882590651512,
    0.6565757356584072,
    0.6561790704727173,
    0.6557602435350418,
    0.6550281755626202,
    0.6541668958961964,
    0.6546549908816814,
    0.6538764983415604,
    0.6536686271429062,
    0.6528777331113815,
    0.6523324623703957,
    0.6520347371697426,
    0.6515287607908249,
    0.6512486189603806
  ],
  "val_accuracies": [
    0.468,
    0.513,
    0.5175,
    0.519,
    0.526,
    0.564,
    0.575,
    0.573,
    0.5745,
    0.576,
    0.58,
    0.5855,
    0.5875,
    0.5885,
    0.5875,
    0.589,
    0.5935,
    0.593,
    0.597,
    0.5995,
    0.5995,
    0.602,
    0.5995,
    0.6035,
    0.6055,
    0.6065,
    0.6055,
    0.606,
    0.6115,
    0.609,
    0.611,
    0.612,
    0.6135,
    0.615,
    0.615,
    0.613,
    0.6145,
    0.615,
    0.618,
    0.617,
    0.618,
    0.6165,
    0.614,
    0.6145,
    0.6155,
    0.6155,
    0.6175,
    0.619,
    0.619,
    0.62
  ],
  "val_aurocs": [
    0.520632310640341,
    0.5502933816000237,
    0.5660400707005043,
    0.5719932103722398,
    0.5773329254458084,
    0.5806512604149405,
    0.5856659401170128,
    0.5897012648762104,
    0.5932182325723682,
    0.5965339120237595,
    0.6001093011102188,
    0.6020069340879253,
    0.6031376535420357,
    0.6037659490395524,
    0.604172774357471,
    0.60636410759733,
    0.6071427053989862,
    0.6066540901346453,
    0.607714703920394,
    0.6086744080319852,
    0.6093127944969176,
    0.609170989849549,
    0.6073052230847344,
    0.6086478528545753,
    0.6099968558669947,
    0.6083663679740312,
    0.610702692482548,
    0.6085097659320443,
    0.611154130498515,
    0.6100913922985737,
    0.6099278124057291,
    0.6089718260189753,
    0.6095262981232925,
    0.6092936747691824,
    0.61035163303719,
    0.6106745439944936,
    0.6107627071834941,
    0.6114749170416257,
    0.6111790923652802,
    0.6112407003768712,
    0.6125626171083324,
    0.614542040032461,
    0.6105661988706614,
    0.6122519215326374,
    0.6114117157193903,
    0.613202065780361,
    0.6139466729549328,
    0.6135998623379604,
    0.6143019812286762,
    0.6139217110881674
  ],
  "learning_rates": [
    0.0001,
    0.0001,
    0.0001,
    0.0001,
    0.0001,
    0.0001,
    0.0001,
    0.0001,
    0.0001,
    0.0001,
    0.0001,
    0.0001,
    0.0001,
    0.0001,
    0.0001,
    0.0001,
    0.0001,
    0.0001,
    0.0001,
    0.0001,
    0.0001,
    0.0001,
    0.0001,
    0.0001,
    0.0001,
    0.0001,
    0.0001,
    0.0001,
    0.0001,
    0.0001,
    0.0001,
    0.0001,
    0.0001,
    0.0001,
    0.0001,
    0.0001,
    0.0001,
    0.0001,
    0.0001,
    0.0001,
    0.0001,
    0.0001,
    0.0001,
    0.0001,
    0.0001,
    0.0001,
    0.0001,
    0.0001,
    0.0001,
    0.0001
  ]
}