{
  "probe_type": "mean",
  "tasks": [
    "mmlu_test"
  ],
  "timestamp": "20251205_212522",
  "initial_lr": 0.0001,
  "best_val_loss": 0.5694226138293743,
  "best_val_acc": 0.692,
  "best_val_auroc": 0.7315332801178249,
  "epochs": 50,
  "train_losses": [
    0.6636008563495818,
    0.6450744271278381,
    0.6382027760384574,
    0.6320478906707158,
    0.626786988879007,
    0.6222220129436917,
    0.618201578420306,
    0.6151434485874478,
    0.612375105184222,
    0.6090118024084303,
    0.60651148217065,
    0.604218167918069,
    0.6028543616098071,
    0.5997977370307559,
    0.59794001636051,
    0.5962160390520853,
    0.5943452592880006,
    0.5926796529028151,
    0.5912842353185018,
    0.5905073218875461,
    0.5885020097096761,
    0.5877217290893434,
    0.5872953874724252,
    0.5852443613703289,
    0.5835505468504769,
    0.5835049142913212,
    0.5819566249847412,
    0.5811568782443092,
    0.5797690919467381,
    0.5785604526126196,
    0.5780767722735329,
    0.5767494440078735,
    0.5763355957137214,
    0.5752189282387022,
    0.574340612169296,
    0.5732690095901489,
    0.5729925154693543,
    0.5718091153909289,
    0.5711479745213948,
    0.5711372400087024,
    0.5698750936795794,
    0.5693762420661865,
    0.5688562350613731,
    0.5678063219501859,
    0.5678760456660438,
    0.5666034093924931,
    0.5663307110468546,
    0.5650203161769443,
    0.5649335786463723,
    0.5643568161934142
  ],
  "val_losses": [
    0.6422727294266224,
    0.6353330016136169,
    0.628975585103035,
    0.623924545943737,
    0.6193986460566521,
    0.6158380545675755,
    0.6120753511786461,
    0.6092168390750885,
    0.6067681089043617,
    0.6040131002664566,
    0.6021301597356796,
    0.6000201404094696,
    0.5982913747429848,
    0.5961643718183041,
    0.5945218950510025,
    0.5930917039513588,
    0.5920412950217724,
    0.5907608717679977,
    0.5899647548794746,
    0.5880801677703857,
    0.5870527736842632,
    0.5858675204217434,
    0.5849548280239105,
    0.5846333168447018,
    0.5833076871931553,
    0.5829540714621544,
    0.5816796310245991,
    0.5807860977947712,
    0.580725260078907,
    0.5792907513678074,
    0.5785670690238476,
    0.577950868755579,
    0.5775955356657505,
    0.5769661962985992,
    0.5761812441051006,
    0.5754879154264927,
    0.5765203423798084,
    0.5747969299554825,
    0.5745227597653866,
    0.5737330801784992,
    0.5732831470668316,
    0.5726364515721798,
    0.5722443722188473,
    0.5724170245230198,
    0.5715217292308807,
    0.571493212133646,
    0.570677388459444,
    0.5709710121154785,
    0.5707479566335678,
    0.5694226138293743
  ],
  "val_accuracies": [
    0.6535,
    0.6535,
    0.6535,
    0.6535,
    0.6555,
    0.6595,
    0.6595,
    0.66,
    0.6605,
    0.66,
    0.661,
    0.6665,
    0.667,
    0.6675,
    0.6655,
    0.664,
    0.6685,
    0.67,
    0.6715,
    0.6705,
    0.6715,
    0.6715,
    0.67,
    0.676,
    0.672,
    0.68,
    0.678,
    0.675,
    0.685,
    0.6775,
    0.672,
    0.6785,
    0.6895,
    0.6895,
    0.6875,
    0.6845,
    0.6925,
    0.6915,
    0.694,
    0.6905,
    0.6905,
    0.6895,
    0.6905,
    0.694,
    0.694,
    0.694,
    0.6955,
    0.693,
    0.6905,
    0.692
  ],
  "val_aurocs": [
    0.5956896542206412,
    0.6373065003516418,
    0.6504083351826275,
    0.6613219306409819,
    0.6674737317430508,
    0.6733175011675394,
    0.6790287838489828,
    0.6836437387317266,
    0.686895736245392,
    0.6890227004993646,
    0.693250683686797,
    0.6949790836554418,
    0.6971916122642978,
    0.69925619734342,
    0.701742531887903,
    0.7035388313123585,
    0.7056956050835164,
    0.7070773314078593,
    0.7090005972943998,
    0.7099787910805508,
    0.7118192527526881,
    0.712593196143311,
    0.7140119083500873,
    0.7155873965361341,
    0.7158910119889461,
    0.7176155477609188,
    0.7184126763315746,
    0.7190850465525294,
    0.7203856247467572,
    0.7211783370926447,
    0.7212920548804254,
    0.7224369611515747,
    0.7235321848940823,
    0.7239594546404033,
    0.7245501247031468,
    0.725254512553671,
    0.7263386957342581,
    0.726411563442933,
    0.726913909010313,
    0.7275443250959701,
    0.7279307447631854,
    0.72814382760825,
    0.7286583177937423,
    0.7294140442571965,
    0.7297126914571445,
    0.7303983103524038,
    0.7304507530215257,
    0.7309359857179291,
    0.7314902219263353,
    0.7315332801178249
  ],
  "learning_rates": [
    0.0001,
    0.0001,
    0.0001,
    0.0001,
    0.0001,
    0.0001,
    0.0001,
    0.0001,
    0.0001,
    0.0001,
    0.0001,
    0.0001,
    0.0001,
    0.0001,
    0.0001,
    0.0001,
    0.0001,
    0.0001,
    0.0001,
    0.0001,
    0.0001,
    0.0001,
    0.0001,
    0.0001,
    0.0001,
    0.0001,
    0.0001,
    0.0001,
    0.0001,
    0.0001,
    0.0001,
    0.0001,
    0.0001,
    0.0001,
    0.0001,
    0.0001,
    0.0001,
    0.0001,
    0.0001,
    0.0001,
    0.0001,
    0.0001,
    0.0001,
    0.0001,
    0.0001,
    0.0001,
    0.0001,
    0.0001,
    0.0001,
    0.0001
  ]
}