{
  "probe_type": "max",
  "tasks": [
    "mmlu_test"
  ],
  "timestamp": "20251205_213745",
  "initial_lr": 0.0001,
  "best_val_loss": 0.5787558294832706,
  "best_val_acc": 0.696,
  "best_val_auroc": 0.725368017196811,
  "epochs": 45,
  "train_losses": [
    0.6472196796583751,
    0.6187526981035868,
    0.6070490470008244,
    0.5976349900639246,
    0.5907024078898959,
    0.5863052180835179,
    0.5815809624535697,
    0.5774214750244504,
    0.5733413658444844,
    0.5706421179430825,
    0.5675187962395805,
    0.5647975064459301,
    0.5623065635325417,
    0.5613612972554707,
    0.5575051851688869,
    0.5569698318602547,
    0.5544933728755467,
    0.5517505024160657,
    0.5506958365440369,
    0.548030055704571,
    0.548123034692946,
    0.5461974749489437,
    0.5454527749901726,
    0.5438419977823893,
    0.5417000268186841,
    0.5405589938163757,
    0.5385738795711881,
    0.5393341216776106,
    0.5354565637452262,
    0.5360621795767829,
    0.5350646504334041,
    0.5317703561177329,
    0.5324392337647695,
    0.5316215261580453,
    0.5299638202266087,
    0.5297380127604046,
    0.5268309367081475,
    0.5265398929043422,
    0.5263687566159263,
    0.5256645036122155,
    0.5238908070420462,
    0.5236330916957249,
    0.522973057296541,
    0.5202097121685271,
    0.5193373083122192
  ],
  "val_losses": [
    0.6306442208588123,
    0.6192866787314415,
    0.6067750006914139,
    0.6023711673915386,
    0.5984810441732407,
    0.5973457023501396,
    0.594573512673378,
    0.5929831117391586,
    0.5904929116368294,
    0.5897706337273121,
    0.5884579308331013,
    0.5897133499383926,
    0.5878383070230484,
    0.5892136953771114,
    0.5858629643917084,
    0.5850693136453629,
    0.5838785730302334,
    0.5830001048743725,
    0.5843608118593693,
    0.5829688012599945,
    0.5822125524282455,
    0.5818323194980621,
    0.5904660038650036,
    0.5815627090632915,
    0.5813455618917942,
    0.5866748988628387,
    0.5811931192874908,
    0.5832497589290142,
    0.5803581029176712,
    0.5807478800415993,
    0.5805942863225937,
    0.5835454724729061,
    0.5895705819129944,
    0.5804174467921257,
    0.5791357941925526,
    0.5802752263844013,
    0.5787558294832706,
    0.5792927145957947,
    0.5806850492954254,
    0.5816924460232258,
    0.5794384516775608,
    0.5793946273624897,
    0.5795552432537079,
    0.5791575014591217,
    0.5787888988852501
  ],
  "val_accuracies": [
    0.645,
    0.65,
    0.66,
    0.6595,
    0.6715,
    0.6765,
    0.666,
    0.6835,
    0.682,
    0.683,
    0.6885,
    0.6905,
    0.689,
    0.6775,
    0.693,
    0.698,
    0.694,
    0.6975,
    0.692,
    0.6955,
    0.698,
    0.6975,
    0.6745,
    0.6975,
    0.6965,
    0.685,
    0.696,
    0.6865,
    0.7,
    0.696,
    0.6995,
    0.6905,
    0.6815,
    0.6975,
    0.699,
    0.6945,
    0.696,
    0.6925,
    0.6915,
    0.6915,
    0.693,
    0.692,
    0.6955,
    0.691,
    0.6905
  ],
  "val_aurocs": [
    0.631535468422628,
    0.6658632418165492,
    0.6819188593507659,
    0.6907675981605943,
    0.6988990775761205,
    0.7002225789774428,
    0.7040766237653396,
    0.7077021033441268,
    0.7098277597888493,
    0.7120208973905472,
    0.7120938205763108,
    0.7140388016652608,
    0.7150336045277679,
    0.7152518298821802,
    0.7166847160621481,
    0.7165780522978966,
    0.7192675029250905,
    0.7196032761013305,
    0.7192696797366058,
    0.7193306304590351,
    0.720479986939131,
    0.7213659492258715,
    0.7217545100813583,
    0.722157220211695,
    0.721840494136214,
    0.7218448477592446,
    0.7223030665832222,
    0.7234491578460449,
    0.7228929825038775,
    0.7224391173029305,
    0.7226785665696172,
    0.7234306549481647,
    0.7241827433267122,
    0.7235993578406029,
    0.7249859867758701,
    0.7231705259720824,
    0.725368017196811,
    0.7245919838915947,
    0.7229593752550951,
    0.7255661070447063,
    0.7246844983809964,
    0.7248292563467661,
    0.7252678838671057,
    0.7251862534352806,
    0.7254920954531849
  ],
  "learning_rates": [
    0.0001,
    0.0001,
    0.0001,
    0.0001,
    0.0001,
    0.0001,
    0.0001,
    0.0001,
    0.0001,
    0.0001,
    0.0001,
    0.0001,
    0.0001,
    0.0001,
    0.0001,
    0.0001,
    0.0001,
    0.0001,
    0.0001,
    0.0001,
    0.0001,
    0.0001,
    0.0001,
    0.0001,
    0.0001,
    0.0001,
    0.0001,
    0.0001,
    0.0001,
    0.0001,
    0.0001,
    0.0001,
    0.0001,
    0.0001,
    0.0001,
    0.0001,
    0.0001,
    0.0001,
    0.0001,
    0.0001,
    0.0001,
    0.0001,
    0.0001,
    5e-05,
    5e-05
  ]
}