{
  "probe_type": "hs_last_mlp",
  "tasks": [
    "mmlu_train"
  ],
  "timestamp": "20251205_184602",
  "initial_lr": 0.0001,
  "best_val_loss": 0.6220809136118207,
  "best_val_acc": 0.6582914572864321,
  "best_val_auroc": 0.7257247949083545,
  "epochs": 34,
  "train_losses": [
    0.6899363374710084,
    0.6435827994346619,
    0.6278609442710876,
    0.6154853510856628,
    0.6058633470535278,
    0.5982231712341308,
    0.5918996834754944,
    0.585175256729126,
    0.5789640474319458,
    0.5736435294151306,
    0.5693374633789062,
    0.5642437791824341,
    0.5599787497520446,
    0.5558081960678101,
    0.5515967726707458,
    0.547421098947525,
    0.5441444444656373,
    0.5407332122325897,
    0.5363785934448242,
    0.5327090001106263,
    0.5294766652584076,
    0.5264267909526825,
    0.5233444321155548,
    0.5198432207107544,
    0.517846360206604,
    0.5165168881416321,
    0.5147022807598114,
    0.5131959509849549,
    0.5125207769870758,
    0.5106693148612976,
    0.5087993681430817,
    0.5074878931045532,
    0.5064381623268127,
    0.5050221073627472
  ],
  "val_losses": [
    0.6454754216330392,
    0.635950607912881,
    0.6312698636736188,
    0.6295533861432757,
    0.6292025532041278,
    0.6284287401608059,
    0.6286540116582598,
    0.6265155162130084,
    0.6262674501964024,
    0.6258957982063293,
    0.6253164325441632,
    0.6269234163420541,
    0.6241423657962254,
    0.6233719417027065,
    0.6234826956476484,
    0.6243438294955662,
    0.6221500039100647,
    0.6227475149290902,
    0.6239746553557259,
    0.6222716399601528,
    0.6230130621365139,
    0.6236485753740583,
    0.6230729648045131,
    0.622098479952131,
    0.62416558606284,
    0.6220809136118207,
    0.6248704450471061,
    0.6239659019878933,
    0.6225383026259286,
    0.6245030845914569,
    0.6243040987423488,
    0.6242337397166661,
    0.623750354562487,
    0.6245551364762443
  ],
  "val_accuracies": [
    0.6193467336683417,
    0.6444723618090452,
    0.6469849246231156,
    0.6457286432160804,
    0.6545226130653267,
    0.6507537688442211,
    0.6457286432160804,
    0.6457286432160804,
    0.6532663316582915,
    0.6494974874371859,
    0.6520100502512562,
    0.6520100502512562,
    0.6557788944723618,
    0.6582914572864321,
    0.6520100502512562,
    0.6620603015075377,
    0.6557788944723618,
    0.657035175879397,
    0.6582914572864321,
    0.6595477386934674,
    0.6582914572864321,
    0.6557788944723618,
    0.657035175879397,
    0.6557788944723618,
    0.6557788944723618,
    0.6582914572864321,
    0.6582914572864321,
    0.6545226130653267,
    0.6595477386934674,
    0.6582914572864321,
    0.6620603015075377,
    0.6620603015075377,
    0.6595477386934674,
    0.6620603015075377
  ],
  "val_aurocs": [
    0.6711645623678355,
    0.6921731104360824,
    0.7028013693440512,
    0.7064107067826615,
    0.7090626054732434,
    0.7119693619600631,
    0.7128441441255277,
    0.715854221340552,
    0.717486688846183,
    0.718313254671819,
    0.7181686056523326,
    0.7169149808167847,
    0.7206483031292404,
    0.7217159506540202,
    0.721185570915904,
    0.7221292335668382,
    0.7243954015387901,
    0.7238581337521268,
    0.7236583803442647,
    0.725208191267332,
    0.7244022895873371,
    0.7237754771695631,
    0.7252564076071608,
    0.7262965029377527,
    0.7239476783832373,
    0.7257247949083545,
    0.7241474317910993,
    0.7243334091018673,
    0.7262758387921118,
    0.7243885134902431,
    0.7243265210533204,
    0.7247604681117794,
    0.7254492729664759,
    0.7248086844516081
  ],
  "learning_rates": [
    0.0001,
    0.0001,
    0.0001,
    0.0001,
    0.0001,
    0.0001,
    0.0001,
    0.0001,
    0.0001,
    0.0001,
    0.0001,
    0.0001,
    0.0001,
    0.0001,
    0.0001,
    0.0001,
    0.0001,
    0.0001,
    0.0001,
    0.0001,
    0.0001,
    0.0001,
    0.0001,
    5e-05,
    5e-05,
    5e-05,
    5e-05,
    5e-05,
    5e-05,
    5e-05,
    5e-05,
    5e-05,
    2.5e-05,
    2.5e-05
  ]
}