{
  "probe_type": "mean",
  "tasks": [
    "mmlu_train"
  ],
  "timestamp": "20251205_184941",
  "initial_lr": 0.0001,
  "best_val_loss": 0.5974679248673576,
  "best_val_acc": 0.6608040201005025,
  "best_val_auroc": 0.715076100370218,
  "epochs": 50,
  "train_losses": [
    0.6760037684440613,
    0.6541997122764588,
    0.648541796207428,
    0.6447824430465698,
    0.6411735558509827,
    0.6374232530593872,
    0.6342834639549255,
    0.6311873960494995,
    0.6280871105194091,
    0.625780770778656,
    0.6230248212814331,
    0.6204094767570496,
    0.6184737277030945,
    0.6163100385665894,
    0.6143113923072815,
    0.6123048543930054,
    0.6105752563476563,
    0.608489682674408,
    0.6071959686279297,
    0.6056613612174988,
    0.6041473150253296,
    0.6027406620979309,
    0.6011187100410461,
    0.599836323261261,
    0.5984509587287903,
    0.5972681736946106,
    0.595936918258667,
    0.5948574256896972,
    0.593867392539978,
    0.5926113510131836,
    0.5914687609672546,
    0.5902757382392884,
    0.5897532057762146,
    0.5886460614204406,
    0.5873301029205322,
    0.5864684343338012,
    0.5857024335861206,
    0.5847837400436401,
    0.5841346740722656,
    0.5831484413146972,
    0.5825902223587036,
    0.5813685417175293,
    0.580549054145813,
    0.5804638838768006,
    0.5793455719947815,
    0.578575427532196,
    0.5777121925354004,
    0.5779312252998352,
    0.575922224521637,
    0.5754202389717102
  ],
  "val_losses": [
    0.6598735111100333,
    0.6516666412353516,
    0.6484646712030683,
    0.645430828843798,
    0.6427641085215977,
    0.6401190672601972,
    0.6377135600362506,
    0.6353483710970197,
    0.6332976647785732,
    0.6313219496182033,
    0.6294879487582615,
    0.6278266395841327,
    0.6261708906718663,
    0.6246390768459865,
    0.6231222152709961,
    0.6219376921653748,
    0.6205645799636841,
    0.6194122518811908,
    0.6181307179587228,
    0.6170819912637983,
    0.616042034966605,
    0.6149567450795855,
    0.6142231907163348,
    0.6132025718688965,
    0.6122917788369315,
    0.6114269835608346,
    0.6105095829282489,
    0.6097392099244254,
    0.6090892893927438,
    0.6083258475576129,
    0.6076245818819318,
    0.6067500880786351,
    0.6063430905342102,
    0.6055205123765128,
    0.6049092411994934,
    0.6044860993112836,
    0.603770409311567,
    0.6032618113926479,
    0.6026245015008109,
    0.6021137322698321,
    0.6016464488846915,
    0.6010329723358154,
    0.6005662253924778,
    0.6003659197262355,
    0.5997459036963326,
    0.5991530248097011,
    0.5987923485892159,
    0.5985009499958583,
    0.5978589824267796,
    0.5974679248673576
  ],
  "val_accuracies": [
    0.6407035175879398,
    0.6407035175879398,
    0.6407035175879398,
    0.6407035175879398,
    0.6407035175879398,
    0.6407035175879398,
    0.6407035175879398,
    0.6407035175879398,
    0.6432160804020101,
    0.6419597989949749,
    0.6432160804020101,
    0.6457286432160804,
    0.6432160804020101,
    0.6444723618090452,
    0.6444723618090452,
    0.6469849246231156,
    0.6494974874371859,
    0.6482412060301508,
    0.6469849246231156,
    0.6482412060301508,
    0.6507537688442211,
    0.6494974874371859,
    0.6507537688442211,
    0.6482412060301508,
    0.6482412060301508,
    0.6494974874371859,
    0.6494974874371859,
    0.6494974874371859,
    0.6507537688442211,
    0.6532663316582915,
    0.6532663316582915,
    0.6532663316582915,
    0.6557788944723618,
    0.657035175879397,
    0.6557788944723618,
    0.6582914572864321,
    0.6557788944723618,
    0.6595477386934674,
    0.6557788944723618,
    0.6557788944723618,
    0.657035175879397,
    0.657035175879397,
    0.6595477386934674,
    0.6620603015075377,
    0.6595477386934674,
    0.664572864321608,
    0.6620603015075377,
    0.664572864321608,
    0.6595477386934674,
    0.6608040201005025
  ],
  "val_aurocs": [
    0.5614561908679556,
    0.59659947895242,
    0.6214177978883861,
    0.6387974770327711,
    0.6475181681064034,
    0.6543603455368161,
    0.6585767174002468,
    0.6630467571644041,
    0.6667009461127108,
    0.6692856163444397,
    0.671681749622926,
    0.6734745646510353,
    0.6760180995475114,
    0.6776772247360483,
    0.6801453448512272,
    0.6807623748800219,
    0.6833813245577951,
    0.6849033319621555,
    0.6870423693953105,
    0.6883655560126148,
    0.6895927601809955,
    0.6914232825997532,
    0.6919786096256685,
    0.6933360756890169,
    0.6947826683120801,
    0.6961195667078021,
    0.6972027972027972,
    0.6985122720416839,
    0.69882764294529,
    0.6999040175510765,
    0.7008089949266421,
    0.7025915261209378,
    0.702269299328123,
    0.704120389414507,
    0.7049773755656109,
    0.7054024406965583,
    0.7067256273138627,
    0.7072878102289867,
    0.7080625257095845,
    0.7086795557383793,
    0.7094474153297682,
    0.7103318250377073,
    0.7107980255039079,
    0.7112162347456465,
    0.7123474564651036,
    0.7127245303715892,
    0.7133964075140546,
    0.7137117784176608,
    0.7147127382421501,
    0.715076100370218
  ],
  "learning_rates": [
    0.0001,
    0.0001,
    0.0001,
    0.0001,
    0.0001,
    0.0001,
    0.0001,
    0.0001,
    0.0001,
    0.0001,
    0.0001,
    0.0001,
    0.0001,
    0.0001,
    0.0001,
    0.0001,
    0.0001,
    0.0001,
    0.0001,
    0.0001,
    0.0001,
    0.0001,
    0.0001,
    0.0001,
    0.0001,
    0.0001,
    0.0001,
    0.0001,
    0.0001,
    0.0001,
    0.0001,
    0.0001,
    0.0001,
    0.0001,
    0.0001,
    0.0001,
    0.0001,
    0.0001,
    0.0001,
    0.0001,
    0.0001,
    0.0001,
    0.0001,
    0.0001,
    0.0001,
    0.0001,
    0.0001,
    0.0001,
    0.0001,
    0.0001
  ]
}