{
  "probe_type": "max",
  "tasks": [
    "mmlu_train"
  ],
  "timestamp": "20251205_185352",
  "initial_lr": 0.0001,
  "best_val_loss": 0.5533042677811214,
  "best_val_acc": 0.6984924623115578,
  "best_val_auroc": 0.7410802706866196,
  "epochs": 50,
  "train_losses": [
    0.6732697510719299,
    0.6445208334922791,
    0.6318932342529296,
    0.6196849822998047,
    0.6107969784736633,
    0.6078183031082154,
    0.5998274111747741,
    0.594567973613739,
    0.5898783254623413,
    0.5878847336769104,
    0.584202585220337,
    0.5795532321929932,
    0.5777036452293396,
    0.5743214154243469,
    0.5725708508491516,
    0.5684873938560486,
    0.5671435856819153,
    0.5634890484809876,
    0.5619724512100219,
    0.5619391179084778,
    0.5587030553817749,
    0.5614086008071899,
    0.5541691899299621,
    0.553167918920517,
    0.5512936401367188,
    0.5485151052474976,
    0.5474498462677002,
    0.5457524132728576,
    0.5451201975345612,
    0.5418972587585449,
    0.5407930839061738,
    0.5387990140914917,
    0.5410313951969147,
    0.5377861547470093,
    0.535553617477417,
    0.5331041073799133,
    0.5318317878246307,
    0.5308006405830383,
    0.528500006198883,
    0.5275228285789489,
    0.52696404337883,
    0.5277567458152771,
    0.5242590224742889,
    0.522520135641098,
    0.521714528799057,
    0.5207916259765625,
    0.5186717140674592,
    0.5173071718215942,
    0.5167341113090516,
    0.5154394710063934
  ],
  "val_losses": [
    0.6417696390833173,
    0.6193582756178719,
    0.6095163822174072,
    0.6015487824167524,
    0.5936439292771476,
    0.5926192402839661,
    0.5842465843473162,
    0.5808876582554409,
    0.58204904624394,
    0.5777589763913836,
    0.5753342849867684,
    0.5769841160093035,
    0.5711342436926705,
    0.5696149723870414,
    0.5689397624560765,
    0.5695872391973223,
    0.5677997980798993,
    0.565551119191306,
    0.5656670587403434,
    0.5672439166477748,
    0.5640894004276821,
    0.564275358404432,
    0.5620414359228951,
    0.5619628173964364,
    0.5607503737722125,
    0.5603559783526829,
    0.5598806398255485,
    0.5627588629722595,
    0.5592658179146903,
    0.5595965044839042,
    0.561180693762643,
    0.5607271024159023,
    0.562368529183524,
    0.559418899672372,
    0.557599629674639,
    0.5570307544299534,
    0.5562363309519631,
    0.560736609356744,
    0.5556147055966514,
    0.5568137168884277,
    0.5590391073908124,
    0.5574390547616142,
    0.5549535070146833,
    0.5548402879919324,
    0.5542896134512765,
    0.5541630174432483,
    0.5543347213949475,
    0.5546463898250035,
    0.5564718672207424,
    0.5533042677811214
  ],
  "val_accuracies": [
    0.6494974874371859,
    0.6444723618090452,
    0.6620603015075377,
    0.6658291457286433,
    0.6633165829145728,
    0.657035175879397,
    0.6695979899497487,
    0.6670854271356784,
    0.6683417085427136,
    0.6620603015075377,
    0.6658291457286433,
    0.6871859296482412,
    0.6683417085427136,
    0.6733668341708543,
    0.6746231155778895,
    0.6896984924623115,
    0.6809045226130653,
    0.6758793969849246,
    0.6758793969849246,
    0.6658291457286433,
    0.6771356783919598,
    0.6884422110552764,
    0.6821608040201005,
    0.6821608040201005,
    0.6984924623115578,
    0.6972361809045227,
    0.6859296482412061,
    0.6871859296482412,
    0.6896984924623115,
    0.6871859296482412,
    0.6809045226130653,
    0.6871859296482412,
    0.6884422110552764,
    0.6871859296482412,
    0.6934673366834171,
    0.6947236180904522,
    0.6947236180904522,
    0.6834170854271356,
    0.6984924623115578,
    0.6896984924623115,
    0.6896984924623115,
    0.6934673366834171,
    0.7022613065326633,
    0.699748743718593,
    0.6947236180904522,
    0.6959798994974874,
    0.7010050251256281,
    0.6972361809045227,
    0.6896984924623115,
    0.6984924623115578
  ],
  "val_aurocs": [
    0.6119539502640845,
    0.676785321302817,
    0.7036889304577465,
    0.7139703455105633,
    0.7194033340669015,
    0.7219135123239436,
    0.725434639084507,
    0.7272708516725352,
    0.7279516945422535,
    0.7293546434859154,
    0.730805732834507,
    0.7311152068661972,
    0.7329032790492956,
    0.7339898767605634,
    0.7339623679577465,
    0.7344987896126761,
    0.7349664392605634,
    0.735688545334507,
    0.7360048965669014,
    0.7364931778169013,
    0.736788897447183,
    0.7377310739436621,
    0.7378479863556338,
    0.7381093199823944,
    0.7381024427816901,
    0.7380130391725352,
    0.7389896016725351,
    0.7386388644366196,
    0.7378548635563381,
    0.7388176716549295,
    0.7393197073063381,
    0.7394503741197184,
    0.7394228653169014,
    0.7395191461267607,
    0.7388383032570423,
    0.739168408890845,
    0.7392096720950705,
    0.7392784441021127,
    0.7395397777288731,
    0.7395122689260564,
    0.7396979533450704,
    0.7397942341549297,
    0.7395260233274649,
    0.739869883362676,
    0.7403787962147887,
    0.7400693221830987,
    0.7404750770246479,
    0.7408808318661971,
    0.741121533890845,
    0.7410802706866196
  ],
  "learning_rates": [
    0.0001,
    0.0001,
    0.0001,
    0.0001,
    0.0001,
    0.0001,
    0.0001,
    0.0001,
    0.0001,
    0.0001,
    0.0001,
    0.0001,
    0.0001,
    0.0001,
    0.0001,
    0.0001,
    0.0001,
    0.0001,
    0.0001,
    0.0001,
    0.0001,
    0.0001,
    0.0001,
    0.0001,
    0.0001,
    0.0001,
    0.0001,
    0.0001,
    0.0001,
    0.0001,
    0.0001,
    0.0001,
    0.0001,
    0.0001,
    0.0001,
    0.0001,
    0.0001,
    0.0001,
    0.0001,
    0.0001,
    0.0001,
    0.0001,
    0.0001,
    0.0001,
    0.0001,
    0.0001,
    0.0001,
    0.0001,
    0.0001,
    0.0001
  ]
}