{
  "probe_type": "coe_dual_mlp",
  "tasks": [
    "mmlu_train"
  ],
  "timestamp": "20251205_185639",
  "initial_lr": 0.0001,
  "best_val_loss": 0.6648089119366237,
  "best_val_acc": 0.6030150753768844,
  "best_val_auroc": 0.6274276518485916,
  "epochs": 50,
  "train_losses": [
    0.7348528981208802,
    0.7198226404190063,
    0.7088382530212403,
    0.7010646629333496,
    0.695693998336792,
    0.6921869015693665,
    0.689487566947937,
    0.6878874278068543,
    0.6863811135292053,
    0.6853444862365723,
    0.6844483757019043,
    0.6837312483787537,
    0.6828466629981995,
    0.6821775102615356,
    0.6816677880287171,
    0.6810885071754456,
    0.6806348872184753,
    0.6800616550445556,
    0.6794975161552429,
    0.6791220712661743,
    0.6786631584167481,
    0.6781978964805603,
    0.677765793800354,
    0.6772395944595337,
    0.6767748355865478,
    0.6766123223304749,
    0.6760573124885559,
    0.6755317878723145,
    0.6753483176231384,
    0.6749622535705566,
    0.6745061349868774,
    0.6742105627059937,
    0.6736646389961243,
    0.673435161113739,
    0.6729946279525757,
    0.6726246356964112,
    0.6723157477378845,
    0.6719623756408691,
    0.6714236450195312,
    0.6712349438667298,
    0.6706459736824035,
    0.6704793739318847,
    0.669947018623352,
    0.6697806668281555,
    0.6694553875923157,
    0.6691536140441895,
    0.6688123989105225,
    0.6684115624427795,
    0.6680387949943543,
    0.6677353453636169
  ],
  "val_losses": [
    0.7229725973946708,
    0.7102893846375602,
    0.7012811728886196,
    0.6953219941684178,
    0.691299591745649,
    0.6885323779923576,
    0.686731253351484,
    0.6852451818329948,
    0.6842852064541408,
    0.6834626879010882,
    0.6827092596462795,
    0.6820711323193142,
    0.6814970288957868,
    0.6809733510017395,
    0.6803922568048749,
    0.6798443709100995,
    0.6793539183480399,
    0.6788911734308515,
    0.6783215999603271,
    0.6778756039483207,
    0.677327573299408,
    0.6769018173217773,
    0.6763659800801959,
    0.6758801851953778,
    0.6753877486501422,
    0.674986115523747,
    0.6744324309485299,
    0.674053498676845,
    0.6735407284327916,
    0.6730015192713056,
    0.6725977914673942,
    0.6721764206886292,
    0.6717641183308193,
    0.6712900400161743,
    0.6708820036479405,
    0.6703596626009259,
    0.6699438520840236,
    0.6695828267506191,
    0.6691326584134784,
    0.6687971608979362,
    0.6683270760944912,
    0.6678362488746643,
    0.6675246953964233,
    0.667167101587568,
    0.6667018617902484,
    0.6662811211177281,
    0.6659372874668666,
    0.6655103734561375,
    0.6652196986334664,
    0.6648089119366237
  ],
  "val_accuracies": [
    0.47613065326633164,
    0.478643216080402,
    0.4886934673366834,
    0.507537688442211,
    0.5201005025125628,
    0.5540201005025126,
    0.5640703517587939,
    0.5678391959798995,
    0.5653266331658291,
    0.5703517587939698,
    0.5728643216080402,
    0.5703517587939698,
    0.5703517587939698,
    0.5741206030150754,
    0.5804020100502513,
    0.585427135678392,
    0.5804020100502513,
    0.5804020100502513,
    0.585427135678392,
    0.5841708542713567,
    0.5841708542713567,
    0.5841708542713567,
    0.5866834170854272,
    0.5866834170854272,
    0.585427135678392,
    0.585427135678392,
    0.5841708542713567,
    0.5866834170854272,
    0.5879396984924623,
    0.5879396984924623,
    0.585427135678392,
    0.5917085427135679,
    0.5904522613065326,
    0.5967336683417085,
    0.5904522613065326,
    0.5979899497487438,
    0.5979899497487438,
    0.5979899497487438,
    0.5967336683417085,
    0.5954773869346733,
    0.5954773869346733,
    0.6030150753768844,
    0.592964824120603,
    0.5942211055276382,
    0.5967336683417085,
    0.5992462311557789,
    0.5979899497487438,
    0.5979899497487438,
    0.6017587939698492,
    0.6030150753768844
  ],
  "val_aurocs": [
    0.5001375440140845,
    0.5223852882922535,
    0.559721610915493,
    0.5963977222711266,
    0.6231912962147887,
    0.6306324273767605,
    0.6299790933098591,
    0.6249793683978873,
    0.6216301716549295,
    0.6194844850352113,
    0.6172150088028168,
    0.6156676386443662,
    0.6166923415492959,
    0.6177583076584507,
    0.616547920334507,
    0.616238446302817,
    0.6191750110035212,
    0.6184116417253521,
    0.6187623789612676,
    0.618624834947183,
    0.6183291153169014,
    0.6201240647007042,
    0.620055292693662,
    0.6203922755281691,
    0.6209011883802816,
    0.6209355743838029,
    0.6219396456866197,
    0.6218708736795775,
    0.6222972601232395,
    0.6231637874119718,
    0.6236108054577465,
    0.6227855413732395,
    0.6237208406690141,
    0.6233254016285211,
    0.624697403169014,
    0.6243054027288732,
    0.6250137544014084,
    0.6251512984154929,
    0.625398877640845,
    0.6255364216549295,
    0.6259215448943662,
    0.6257289832746479,
    0.6264098261443662,
    0.6266023877640846,
    0.6266986685739436,
    0.6265336157570421,
    0.6269393705985915,
    0.627200704225352,
    0.6272625990316901,
    0.6274276518485916
  ],
  "learning_rates": [
    0.0001,
    0.0001,
    0.0001,
    0.0001,
    0.0001,
    0.0001,
    0.0001,
    0.0001,
    0.0001,
    0.0001,
    0.0001,
    0.0001,
    0.0001,
    0.0001,
    0.0001,
    0.0001,
    0.0001,
    0.0001,
    0.0001,
    0.0001,
    0.0001,
    0.0001,
    0.0001,
    0.0001,
    0.0001,
    0.0001,
    0.0001,
    0.0001,
    0.0001,
    0.0001,
    0.0001,
    0.0001,
    0.0001,
    0.0001,
    0.0001,
    0.0001,
    0.0001,
    0.0001,
    0.0001,
    0.0001,
    0.0001,
    0.0001,
    0.0001,
    0.0001,
    0.0001,
    0.0001,
    0.0001,
    0.0001,
    0.0001,
    0.0001
  ]
}