{
  "probe_type": "hs_last_mlp",
  "tasks": [
    "mmlu_test"
  ],
  "timestamp": "20251205_210912",
  "initial_lr": 0.0001,
  "best_val_loss": 0.5899540521204472,
  "best_val_acc": 0.6735,
  "best_val_auroc": 0.7401119368062444,
  "epochs": 50,
  "train_losses": [
    0.6722901927100288,
    0.6366453019399492,
    0.6235339821331085,
    0.6141135304693192,
    0.6066517574446542,
    0.60061519391953,
    0.5939821619836111,
    0.5881018383162362,
    0.5850932295360263,
    0.5809186999759977,
    0.5761793227422805,
    0.5726665882837205,
    0.567599492413657,
    0.5659084665396857,
    0.5625648271469843,
    0.5580248302883573,
    0.5557602861570934,
    0.5534844185624804,
    0.5493644726654839,
    0.5478729993577988,
    0.5449675108705249,
    0.5426939900905366,
    0.5397426131225768,
    0.5372650618591006,
    0.5351974505280691,
    0.5328494731395964,
    0.5301974131947472,
    0.5294118296532404,
    0.5258510254678272,
    0.5239964548557524,
    0.5223294662104713,
    0.5203241691702888,
    0.5176375981361147,
    0.5155032527825189,
    0.5156147040071941,
    0.512700504253781,
    0.5107161757491884,
    0.5097529296837155,
    0.5078994608114636,
    0.5058017505539788,
    0.5045422249370151,
    0.5022456570277138,
    0.5021436678038703,
    0.4998530906344217,
    0.49839171672624255,
    0.4974001773766109,
    0.49501732795957537,
    0.49450012379222447,
    0.4921155321219611,
    0.49102327700645204
  ],
  "val_losses": [
    0.644760251045227,
    0.6299783512949944,
    0.6231091134250164,
    0.6189676895737648,
    0.6136700585484505,
    0.6125364676117897,
    0.6103649102151394,
    0.6065727658569813,
    0.607151422649622,
    0.6058547534048557,
    0.6041127629578114,
    0.606261357665062,
    0.6037143915891647,
    0.603756982833147,
    0.5993824452161789,
    0.5995191894471645,
    0.5991873256862164,
    0.6003661900758743,
    0.6005946658551693,
    0.5990310050547123,
    0.5973842032253742,
    0.598254170268774,
    0.5967810973525047,
    0.5976508185267448,
    0.5985020063817501,
    0.596015851944685,
    0.5952619276940823,
    0.5959024727344513,
    0.5938619300723076,
    0.5957970358431339,
    0.5925922840833664,
    0.5936734676361084,
    0.593125719577074,
    0.5981866121292114,
    0.5930898934602737,
    0.5929542072117329,
    0.5917386263608932,
    0.5912563838064671,
    0.5918965004384518,
    0.5922871865332127,
    0.5926580876111984,
    0.5912992097437382,
    0.5910419784486294,
    0.5929298028349876,
    0.5928792171180248,
    0.5927193500101566,
    0.5899540521204472,
    0.5912451036274433,
    0.5928389169275761,
    0.5910069681704044
  ],
  "val_accuracies": [
    0.6215,
    0.6455,
    0.657,
    0.6525,
    0.657,
    0.658,
    0.6595,
    0.662,
    0.66,
    0.66,
    0.6635,
    0.661,
    0.6625,
    0.6655,
    0.6665,
    0.6675,
    0.667,
    0.6615,
    0.6635,
    0.6695,
    0.6645,
    0.668,
    0.6685,
    0.6715,
    0.6725,
    0.6645,
    0.6765,
    0.67,
    0.6755,
    0.677,
    0.674,
    0.6725,
    0.6705,
    0.681,
    0.6725,
    0.671,
    0.6725,
    0.672,
    0.675,
    0.678,
    0.676,
    0.68,
    0.681,
    0.681,
    0.682,
    0.681,
    0.6735,
    0.6805,
    0.6815,
    0.678
  ],
  "val_aurocs": [
    0.6868885509766116,
    0.7129029025832672,
    0.723757998042262,
    0.7288698082231602,
    0.734253037081407,
    0.736083048609819,
    0.7370608165022556,
    0.7411546690068499,
    0.7394314632054272,
    0.7406437632612524,
    0.741012628400854,
    0.7389458825291155,
    0.7401493738651892,
    0.7411040188682777,
    0.7439062928392817,
    0.7435110015404249,
    0.7424231246510922,
    0.7397761043657116,
    0.7387278667152615,
    0.7409592255373595,
    0.7430094550595634,
    0.7410930079685881,
    0.7419474537845012,
    0.7409784946118162,
    0.7390670024257012,
    0.741456367658345,
    0.7409465630027163,
    0.7394931242436888,
    0.7415962060844029,
    0.7401108357162755,
    0.7423075102043513,
    0.741815322988226,
    0.7402044283636373,
    0.7384746160224006,
    0.7402594828620852,
    0.7404422637969326,
    0.7409421586428406,
    0.74098510115163,
    0.7391716059727524,
    0.7401163411661205,
    0.7385340748807243,
    0.7393213542085311,
    0.7398829100927008,
    0.7384592007628351,
    0.738346889586001,
    0.7362427066553181,
    0.7401119368062444,
    0.7385219628910658,
    0.736109474769074,
    0.7379053525084482
  ],
  "learning_rates": [
    0.0001,
    0.0001,
    0.0001,
    0.0001,
    0.0001,
    0.0001,
    0.0001,
    0.0001,
    0.0001,
    0.0001,
    0.0001,
    0.0001,
    0.0001,
    0.0001,
    0.0001,
    0.0001,
    0.0001,
    0.0001,
    0.0001,
    0.0001,
    0.0001,
    0.0001,
    0.0001,
    0.0001,
    0.0001,
    0.0001,
    0.0001,
    0.0001,
    0.0001,
    0.0001,
    0.0001,
    0.0001,
    0.0001,
    0.0001,
    0.0001,
    0.0001,
    0.0001,
    0.0001,
    0.0001,
    0.0001,
    0.0001,
    0.0001,
    0.0001,
    0.0001,
    0.0001,
    0.0001,
    0.0001,
    0.0001,
    0.0001,
    0.0001
  ]
}