{
  "dirichlet": {
    "accuracy": 0.747,
    "best_val_loss": 0.4860359378277309,
    "total_samples": 10000,
    "layer_weights": [
      0.017957737669348717,
      0.017832718789577484,
      0.017585864290595055,
      0.01766059920191765,
      0.017735380679368973,
      0.017763281241059303,
      0.017851779237389565,
      0.018087003380060196,
      0.018428705632686615,
      0.018512198701500893,
      0.019093820825219154,
      0.019410517066717148,
      0.019512079656124115,
      0.020276520401239395,
      0.020601917058229446,
      0.021104520186781883,
      0.022099439054727554,
      0.023903438821434975,
      0.02730668894946575,
      0.030726535245776176,
      0.03382888808846474,
      0.0361935980618,
      0.03926890715956688,
      0.04252812638878822,
      0.04414321854710579,
      0.046161551028490067,
      0.047183047980070114,
      0.04954663664102554,
      0.05021166428923607,
      0.05215351656079292,
      0.052045129239559174,
      0.05107095092535019,
      0.052214089781045914
    ],
    "model_path": "/volume/pt-train/users/wzhang/ghchen/zh/CoBench/src/probe_save/test/mixed_alpaca_5k_train_dirichlet_probe.pt",
    "uncertainty_stats": {
      "mean_uncertainty": -201.08599853515625,
      "std_uncertainty": 1.52587890625e-05,
      "correct_mean_uncertainty": -201.0860137939453,
      "incorrect_mean_uncertainty": -201.0860137939453,
      "uncertainty_accuracy_correlation": 0.0
    },
    "global_concentration": 5.521440029144287,
    "concentration": 